RequestedISIN;RequestedDate;referenceDate;compositeLiquidityScore;concentrationWeightedLiquidityScore;holdingScore;turnoverScore;isin;amountType;ecbTiering;ecbHaircut;optionFlag;zeroCouponFlag;couponPaymentDate;couponRecordDate;interestPeriodStartDate;interestPeriodEndDate;couponPaymentFrequency;rateType;couponInterestRate;couponGrossAmount;aggregatedHoldingData.freeFloatHolding;aggregatedHoldingData.freeFloatHoldingEur;aggregatedHoldingData.freeFloatMarketValueEur;aggregatedHoldingData.concentration;aggregatedHoldingData.averageHoldingSizeEur;aggregatedHoldingData.averageHoldingSizeMarketValueEur;aggregatedHoldingData.medianHoldingSizeEur;aggregatedHoldingData.medianHoldingSizeMarketValueEur;aggregatedHoldingData.simpleMovingAverage['30'].concentration;aggregatedHoldingData.simpleMovingAverage['30'].concentrationDelta;aggregatedHoldingData.simpleMovingAverage['30'].freeFloatHolding;aggregatedHoldingData.simpleMovingAverage['30'].freeFloatHoldingDelta;aggregatedHoldingData.simpleMovingAverage['30'].averageHoldingSize;aggregatedHoldingData.simpleMovingAverage['30'].averageHoldingSizeDelta;aggregatedHoldingData.simpleMovingAverage['30'].medianHoldingSize;aggregatedHoldingData.simpleMovingAverage['30'].medianHoldingSizeDelta;aggregatedTransactionData.totalVolCurrentBD.volumeEur;aggregatedTransactionData.totalVolNext1BD.volumeEur;aggregatedTransactionData.totalVolNext2BD.volumeEur;aggregatedTransactionData.transactionCount;aggregatedTransactionData.averageTicketSizeEur;aggregatedTransactionData.averageGrossSettlementPriceEur;aggregatedTransactionData.medianTicketSizeEur;aggregatedTransactionData.medianGrossSettlementPriceEur;aggregatedTransactionData.settlementVWAPEur;aggregatedTransactionData.simpleMovingAverage['30'].concentration;aggregatedTransactionData.simpleMovingAverage['30'].concentrationDelta;aggregatedTransactionData.simpleMovingAverage['30'].volume;aggregatedTransactionData.simpleMovingAverage['30'].volumeDelta;aggregatedTransactionData.simpleMovingAverage['30'].averageTicketSize;aggregatedTransactionData.simpleMovingAverage['30'].averageTicketSizeDelta;aggregatedTransactionData.simpleMovingAverage['30'].medianTicketSize;aggregatedTransactionData.simpleMovingAverage['30'].medianTicketSizeDelta;aggregatedTransactionData.simpleMovingAverage['30'].averageGrossSettlementPrice;aggregatedTransactionData.simpleMovingAverage['30'].averageGrossSettlementPriceDelta;aggregatedTransactionData.simpleMovingAverage['30'].medianGrossSettlementPrice;aggregatedTransactionData.simpleMovingAverage['30'].medianGrossSettlementPriceDelta;aggregatedTransactionData.simpleMovingAverage['30'].settlementVWAP;aggregatedTransactionData.simpleMovingAverage['30'].settlementVWAPDelta;transaction.transactionId;transaction.transactionDate;transaction.settlementDate;transaction.transactionType;transaction.transactionStatus;transaction.quantity;transaction.quantityUnit;transaction.cashAmount;transaction.cashSettlementCurrency;transaction.grossSettlementPrice;transaction.receivingPartyType;transaction.deliveringPartyType
AT0000A32562;2023-10-31;2023-10-31T00:00:00;0.9591673339;0.9747798239;0.9963971177;0.9819855885;AT0000A32562;A;T1;H14.00;N;N;2026-01-16T00:00:00;2026-01-15T00:00:00;2025-01-16T00:00:00;2026-01-16T00:00:00;ANNUA;FIX;4.0;40.0;2.341E8;2.341E8;2.28561194E8;55.0;4256363.6364;4155658.0727;1500000.0;1464510.0;54.0;0.0;2.3031E8;0.0165;4234629.1309;0.0051;1488333.3333;0.0078;2000000.0;500000.0;6600000.0;9.0;222222.2222;100.5979;100000.0;100.5991;100.5986;4.0;1.0;2000000.0;0.0;510648.1481;-0.5648;331666.6667;-0.6985;87.1716;0.154;87.0898;0.1551;87.1094;0.1549;;;;;;;;;;;;
AT0000A326N4;2023-10-31;2023-10-31T00:00:00;0.9691753403;0.9815852682;0.9735788631;0.9659727782;AT0000A326N4;A;T1;H02.50;N;N;2026-01-31T00:00:00;2026-01-30T00:00:00;2025-01-31T00:00:00;2026-01-31T00:00:00;ANNUA;FIX;3.125;31.25;4.7E7;4.7E7;4.5957775E7;6.0;7833333.3333;7659629.1667;1250000.0;1222281.25;6.0;0.0;4.947E7;-0.0499;8169444.4444;-0.0411;2358333.3333;-0.47;600000.0;;;;;;;;;;;213333.3333;1.8125;;;;;;;;;3.3221;-1.0;;;;;;;;;;;;
AT0000A34QR4;2023-10-31;2023-10-31T00:00:00;0.9331465172;0.9779823859;0.9871897518;0.970376301;AT0000A34QR4;A;T1;H14.00;N;N;2026-05-30T00:00:00;2026-05-29T00:00:00;2025-05-30T00:00:00;2026-05-30T00:00:00;ANNUA;FIX;4.25;42.5;1.495E8;1.495E8;1.48173935E8;41.0;3646341.4634;3613998.4146;1100000.0;1090243.0;43.0;0.0;1.7662E8;-0.1535;4066843.9484;-0.1034;1235000.0;-0.1093;700000.0;1200000.0;3400000.0;3.0;233333.3333;100.7192;200000.0;100.7192;100.7192;4.0;0.0;4603333.3333;-0.8479;1124821.5488;-0.7926;1026666.6667;-0.8052;80.3561;0.2534;80.2804;0.2546;80.3627;0.2533;;;;;;;;;;;;
AT0000A33SH3;2023-10-31;2023-10-31T00:00:00;0.7933070866;0.7165354331;0.8090551181;0.8228346457;AT0000A33SH3;A;T1;H01.50;N;N;2026-05-23T00:00:00;2026-05-22T00:00:00;2025-05-23T00:00:00;2026-05-23T00:00:00;ANNUA;FIX;2.9;29.0;1.31619E9;1.31619E9;1.3014749958E9;91.0;1.44636263736E7;1.43019230308E7;2479000.0;2451284.78;88.0;0.0;1.3512477E9;-0.0259;1.522520868E7;-0.05;2191300.0;0.1313;2.1341E7;8.1994E7;6.4065E7;32.0;666906.25;100.2017;60000.0;100.2905;100.2084;33.0;0.0;1.139320333333E8;-0.8127;4018650.1395;-0.834;229066.6667;-0.7381;99.8188;0.0038;99.8657;0.0043;99.5948;0.0062;;;;;;;;;;;;
AT0000A2XLD9;2023-10-31;2023-10-31T00:00:00;0.8799039231;0.904723779;0.9471577262;0.9435548439;AT0000A2XLD9;A;T1;H01.50;N;N;2026-04-28T00:00:00;2026-04-27T00:00:00;2025-04-28T00:00:00;2026-04-28T00:00:00;ANNUA;FIX;1.375;13.75;1.071E8;1.071E8;9.9458415E7;6.0;1.785E7;1.65764025E7;2700000.0;2507355.0;6.0;0.0;1.071E8;0.0;1.785E7;0.0;2700000.0;0.0;;;;;;;;;;;;;;;;;;;;;;;;;;;;;;;;;;;
AT0000A33SH3;2023-10-30;2023-10-30T00:00:00;0.9114173228;0.8838582677;0.811023622;0.8937007874;AT0000A33SH3;A;T1;H01.50;N;N;2026-05-23T00:00:00;2026-05-22T00:00:00;2025-05-23T00:00:00;2026-05-23T00:00:00;ANNUA;FIX;2.9;29.0;1.336471E9;1.336471E9;1.3194755393284E9;92.0;1.45268586957E7;1.43421254275E7;2490000.0;2458335.4917;88.0;0.0;1.3525474333333E9;-0.0119;1.52939747927E7;-0.0502;2179416.6667;0.1425;1.26594E8;2.1341E7;8.1994E7;28.0;4521214.2857;100.2499;50500.0;100.0927;99.5106;32.0;0.0;1.183286666667E8;0.0699;4172557.8622;0.0836;228733.3333;-0.7792;99.8192;0.0043;99.8641;0.0023;99.595;-8.0E-4;;;;;;;;;;;;
AT0000A2XLD9;2023-10-30;2023-10-30T00:00:00;0.8798076923;0.905849359;0.9479166667;0.9451121795;AT0000A2XLD9;A;T1;H01.50;N;N;2026-04-28T00:00:00;2026-04-27T00:00:00;2025-04-28T00:00:00;2026-04-28T00:00:00;ANNUA;FIX;1.375;13.75;1.071E8;1.071E8;9.9394155E7;6.0;1.785E7;1.65656925E7;2700000.0;2505735.0;6.0;0.0;1.071233333333E8;-2.0E-4;1.77683333333E7;0.0046;2676666.6667;0.0087;;;;;;;;;;;;;;;;;;;;;;;;;;;;;;;;;;;
AT0000A326N4;2023-10-30;2023-10-30T00:00:00;0.9895833333;0.9855769231;0.9655448718;0.9855769231;AT0000A326N4;A;T1;H02.50;N;N;2026-01-31T00:00:00;2026-01-30T00:00:00;2025-01-31T00:00:00;2026-01-31T00:00:00;ANNUA;FIX;3.125;31.25;4.76E7;4.76E7;4.651829E7;7.0;6800000.0;6645470.0;1000000.0;977275.0;6.0;0.0;4.956E7;-0.0395;8184444.4444;-0.1692;2400000.0;-0.5833;;600000.0;;;;;;;;;;;;;;;;;;;;;;;;;;;;;;;;;
AT0000A34QR4;2023-10-30;2023-10-30T00:00:00;0.9671474359;0.9827724359;0.9915865385;0.9819711538;AT0000A34QR4;A;T1;H14.00;N;N;2026-05-30T00:00:00;2026-05-29T00:00:00;2025-05-30T00:00:00;2026-05-30T00:00:00;ANNUA;FIX;4.25;42.5;1.709E8;1.709E8;1.69237143E8;44.0;3884090.9091;3846298.7045;1050000.0;1039783.5;43.0;0.0;1.773366666667E8;-0.0363;4087799.233;-0.0498;1240000.0;-0.1532;2100000.0;700000.0;1200000.0;6.0;350000.0;100.6446;300000.0;100.5897;100.6715;4.0;0.0;4683333.3333;-0.5516;1129960.4377;-0.6903;1031666.6667;-0.7092;80.3647;0.2523;80.2888;0.2528;80.3709;0.2526;;;;;;;;;;;;
AT0000A32562;2023-10-30;2023-10-30T00:00:00;0.9202724359;0.9831730769;0.9975961538;0.9703525641;AT0000A32562;A;T1;H14.00;N;N;2026-01-16T00:00:00;2026-01-15T00:00:00;2025-01-16T00:00:00;2026-01-16T00:00:00;ANNUA;FIX;4.0;40.0;2.339E8;2.339E8;2.27610429E8;54.0;4331481.4815;4215007.9444;1600000.0;1556976.0;54.0;0.0;2.3029E8;0.0157;4231738.4383;0.0236;1491666.6667;0.0726;800000.0;2000000.0;500000.0;;;;;;;4.0;0.0;1960000.0;-0.5918;529907.4074;-0.2452;355000.0;0.1268;87.255;0.1537;87.1731;0.1548;87.1928;0.1545;;;;;;;;;;;;
AT0000A33SH3;2023-10-27;2023-10-27T00:00:00;0.9350393701;0.8661417323;0.811023622;0.907480315;AT0000A33SH3;A;T1;H01.50;N;N;2026-05-23T00:00:00;2026-05-22T00:00:00;2025-05-23T00:00:00;2026-05-23T00:00:00;ANNUA;FIX;2.9;29.0;1.323566E9;1.323566E9;1.3054551964099E9;97.0;1.36450103093E7;1.34583009939E7;2401000.0;2368146.3007;88.0;0.0;1.3521387E9;-0.0211;1.53546881449E7;-0.1113;2163083.3333;0.11;2.11978E8;1.26594E8;2.1341E7;52.0;4076500.0;100.6563;110000.0;100.0094;100.6645;33.0;0.0;1.167024333333E8;0.8164;4102899.6777;-0.0064;227566.6667;-0.5166;99.8224;0.0084;99.8773;0.0013;99.5533;0.0112;;;;;;;;;;;;
AT0000A2XLD9;2023-10-27;2023-10-27T00:00:00;0.8813151564;0.9069767442;0.9482758621;0.9446672013;AT0000A2XLD9;A;T1;H01.50;N;N;2026-04-28T00:00:00;2026-04-27T00:00:00;2025-04-28T00:00:00;2026-04-28T00:00:00;ANNUA;FIX;1.375;13.75;1.071E8;1.071E8;9.9340605E7;6.0;1.785E7;1.65567675E7;2700000.0;2504385.0;6.0;0.0;1.071466666667E8;-4.0E-4;1.76866666667E7;0.0092;2653333.3333;0.0176;;;;;;;;;;;;;;;;;;;;;;;;;;;;;;;;;;;
AT0000A34QR4;2023-10-27;2023-10-27T00:00:00;0.9743384122;0.9863672815;0.9939855654;0.9859663192;AT0000A34QR4;A;T1;H14.00;N;N;2026-05-30T00:00:00;2026-05-29T00:00:00;2025-05-30T00:00:00;2026-05-30T00:00:00;ANNUA;FIX;4.25;42.5;1.682E8;1.682E8;1.66301022E8;42.0;4004761.9048;3959548.1429;1150000.0;1137016.5;43.0;0.0;1.7731E8;-0.0514;4103714.1514;-0.0241;1248333.3333;-0.0788;3200000.0;2100000.0;700000.0;6.0;533333.3333;100.3494;100000.0;100.3158;100.3494;4.0;0.0;4613333.3333;-0.3064;1118293.771;-0.5231;1021666.6667;-0.9021;77.0099;0.3031;76.9358;0.3039;77.0152;0.303;;;;;;;;;;;;
AT0000A32562;2023-10-27;2023-10-27T00:00:00;0.8151563753;0.9466720128;0.9875701684;0.9101844427;AT0000A32562;A;T1;H14.00;N;N;2026-01-16T00:00:00;2026-01-15T00:00:00;2025-01-16T00:00:00;2026-01-16T00:00:00;ANNUA;FIX;4.0;40.0;2.332E8;2.332E8;2.269096632E8;53.0;4400000.0;4281314.4;1700000.0;1654144.2;54.0;0.0;2.302766666667E8;0.0127;4226343.8174;0.0411;1491666.6667;0.1397;;800000.0;2000000.0;;;;;;;;;;;;;;;;;;;;;;;;;;;;;;;;
AT0000A326N4;2023-10-27;2023-10-27T00:00:00;0.9931836407;0.9915797915;0.9735364876;0.9899759423;AT0000A326N4;A;T1;H02.50;N;N;2026-01-31T00:00:00;2026-01-30T00:00:00;2025-01-31T00:00:00;2026-01-31T00:00:00;ANNUA;FIX;3.125;31.25;4.76E7;4.76E7;4.645879E7;7.0;6800000.0;6636970.0;1000000.0;976025.0;6.0;0.0;4.963E7;-0.0409;8233888.8889;-0.1741;2450000.0;-0.5918;5800000.0;;600000.0;4.0;1450000.0;99.662;600000.0;99.662;99.662;;;193333.3333;29.0;;;;;;;;;3.3221;29.0;;;;;;;;;;;;
AT0000A2XLD9;2023-10-26;2023-10-26T00:00:00;0.8859895624;0.9076676034;0.9474106784;0.9458048976;AT0000A2XLD9;A;T1;H01.50;N;N;2026-04-28T00:00:00;2026-04-27T00:00:00;2025-04-28T00:00:00;2026-04-28T00:00:00;ANNUA;FIX;1.375;13.75;1.071E8;1.071E8;9.919602E7;6.0;1.785E7;1.653267E7;2700000.0;2500740.0;6.0;0.0;1.0717E8;-7.0E-4;1.7605E7;0.0139;2630000.0;0.0266;;;;;;;;;;;;;;;;;;;;;;;;;;;;;;;;;;;
AT0000A33SH3;2023-10-26;2023-10-26T00:00:00;0.875984252;0.8641732283;0.8070866142;0.8779527559;AT0000A33SH3;A;T1;H01.50;N;N;2026-05-23T00:00:00;2026-05-22T00:00:00;2025-05-23T00:00:00;2026-05-23T00:00:00;ANNUA;FIX;2.9;29.0;1.352681E9;1.352681E9;1.3313672518678E9;91.0;1.48646263736E7;1.46304093612E7;2479000.0;2439939.2151;87.0;0.0;1.3548419E9;-0.0016;1.54851303012E7;-0.0401;2164033.3333;0.1455;1.19012E8;2.11978E8;1.26594E8;26.0;4577384.6154;100.1961;50500.0;100.1105;100.0209;32.0;0.0;1.145410666667E8;0.039;4180258.3733;0.095;228033.3333;-0.7785;99.7976;0.004;99.882;0.0023;99.5061;0.0052;;;;;;;;;;;;
AT0000A32562;2023-10-26;2023-10-26T00:00:00;0.8305901244;0.9622641509;0.9963869932;0.9309514251;AT0000A32562;A;T1;H14.00;N;N;2026-01-16T00:00:00;2026-01-15T00:00:00;2025-01-16T00:00:00;2026-01-16T00:00:00;ANNUA;FIX;4.0;40.0;2.259E8;2.259E8;2.1937149E8;52.0;4344230.7692;4218682.5;1600000.0;1553760.0;54.0;0.0;2.302833333333E8;-0.019;4218605.7222;0.0298;1488333.3333;0.075;100000.0;;800000.0;;;;;;;4.0;0.0;1946666.6667;-0.9486;526574.0741;-0.8101;351666.6667;-0.7156;90.8342;0.1039;90.7524;0.1049;90.772;0.1046;;;;;;;;;;;;
AT0000A326N4;2023-10-26;2023-10-26T00:00:00;0.8289843436;0.859494179;0.9357687676;0.8887996788;AT0000A326N4;A;T1;H02.50;N;N;2026-01-31T00:00:00;2026-01-30T00:00:00;2025-01-31T00:00:00;2026-01-31T00:00:00;ANNUA;FIX;3.125;31.25;4.97E7;4.97E7;4.8420225E7;6.0;8283333.3333;8070037.5;2500000.0;2435625.0;6.0;0.0;4.97E7;0.0;8283333.3333;0.0;2500000.0;0.0;;5800000.0;;;;;;;;;;;;;;;;;;;;;;;;;;;;;;;;;
AT0000A34QR4;2023-10-26;2023-10-26T00:00:00;0.9883580891;0.9911682055;0.9927739864;0.9923725411;AT0000A34QR4;A;T1;H14.00;N;N;2026-05-30T00:00:00;2026-05-29T00:00:00;2025-05-30T00:00:00;2026-05-30T00:00:00;ANNUA;FIX;4.25;42.5;1.691E8;1.691E8;1.67004851E8;41.0;4124390.2439;4073289.0488;1100000.0;1086371.0;43.0;0.0;1.773733333333E8;-0.0466;4119432.6142;0.0012;1253333.3333;-0.1223;8700000.0;3200000.0;2100000.0;10.0;870000.0;100.5049;900000.0;100.4831;100.5073;4.0;1.0;4520000.0;0.9248;1107182.6599;-0.2142;1025000.0;-0.122;77.2266;0.3014;77.1537;0.3024;77.2319;0.3014;;;;;;;;;;;;
AT0000A326N4;2023-10-25;2023-10-25T00:00:00;0.8289843436;0.8598956242;0.9361702128;0.889201124;AT0000A326N4;A;T1;H02.50;N;N;2026-01-31T00:00:00;2026-01-30T00:00:00;2025-01-31T00:00:00;2026-01-31T00:00:00;ANNUA;FIX;3.125;31.25;4.97E7;4.97E7;4.83618275E7;6.0;8283333.3333;8060304.5833;2500000.0;2432687.5;6.0;0.0;4.97E7;0.0;8283333.3333;0.0;2500000.0;0.0;;;5800000.0;;;;;;;;;;;;;;;;;;;;;;;;;;;;;;;;
AT0000A2XLD9;2023-10-25;2023-10-25T00:00:00;0.8883982336;0.9076676034;0.9482135688;0.9450020072;AT0000A2XLD9;A;T1;H01.50;N;N;2026-04-28T00:00:00;2026-04-27T00:00:00;2025-04-28T00:00:00;2026-04-28T00:00:00;ANNUA;FIX;1.375;13.75;1.071E8;1.071E8;9.894969E7;6.0;1.785E7;1.6491615E7;2700000.0;2494530.0;6.0;0.0;1.0717E8;-7.0E-4;1.7605E7;0.0139;2630000.0;0.0266;;;;;;;;;;;;;;;;;;;;;;;;;;;;;;;;;;;
AT0000A34QR4;2023-10-25;2023-10-25T00:00:00;0.9787234043;0.9951826576;0.9823364111;0.9867523083;AT0000A34QR4;A;T1;H14.00;N;N;2026-05-30T00:00:00;2026-05-29T00:00:00;2025-05-30T00:00:00;2026-05-30T00:00:00;ANNUA;FIX;4.25;42.5;1.717E8;1.717E8;1.69170859E8;42.0;4088095.2381;4027877.5952;1200000.0;1182324.0;43.0;0.0;1.772766666667E8;-0.0315;4127742.4131;-0.0096;1258333.3333;-0.0464;;8700000.0;3200000.0;;;;;;;;;;;;;;;;;;;;;;;;;;;;;;;;
AT0000A32562;2023-10-25;2023-10-25T00:00:00;0.8550782818;0.9626655961;0.9967884384;0.9482135688;AT0000A32562;A;T1;H14.00;N;N;2026-01-16T00:00:00;2026-01-15T00:00:00;2025-01-16T00:00:00;2026-01-16T00:00:00;ANNUA;FIX;4.0;40.0;2.332E8;2.332E8;2.26243644E8;53.0;4400000.0;4268748.0;1700000.0;1649289.0;54.0;0.0;2.305266666667E8;0.0116;4212607.5537;0.0445;1488333.3333;0.1422;100000.0;100000.0;;;;;;;;4.0;0.0;1943333.3333;-0.9485;523240.7407;-0.8089;348333.3333;-0.7129;87.4919;0.1454;87.41;0.1465;87.4297;0.1463;;;;;;;;;;;;
AT0000A33SH3;2023-10-25;2023-10-25T00:00:00;0.937007874;0.9173228346;0.8169291339;0.9291338583;AT0000A33SH3;A;T1;H01.50;N;N;2026-05-23T00:00:00;2026-05-22T00:00:00;2025-05-23T00:00:00;2026-05-23T00:00:00;ANNUA;FIX;2.9;29.0;1.36487E9;1.36487E9;1.3386076218672E9;91.0;1.49985714286E7;1.47099738667E7;2479000.0;2431299.9001;87.0;0.0;1.3576923333333E9;0.0053;1.55051244759E7;-0.0327;2139600.0;0.1586;2.54179E8;1.19012E8;2.11978E8;28.0;9077821.4286;99.7316;84000.0;99.7484;99.8435;31.0;0.0;1.132734E8;1.2439;4145044.1036;1.19;227516.6667;-0.6308;99.8065;-8.0E-4;99.8943;-0.0015;99.5211;0.0032;;;;;;;;;;;;
AT0000A32562;2023-10-24;2023-10-24T00:00:00;0.8783621036;0.9606583701;0.9963869932;0.9558410277;AT0000A32562;A;T1;H14.00;N;N;2026-01-16T00:00:00;2026-01-15T00:00:00;2025-01-16T00:00:00;2026-01-16T00:00:00;ANNUA;FIX;4.0;40.0;2.332E8;2.332E8;2.26208664E8;53.0;4400000.0;4268088.0;1700000.0;1649034.0;54.0;0.0;2.305266666667E8;0.0116;4204750.4109;0.0464;1485000.0;0.1448;300000.0;100000.0;100000.0;3.0;100000.0;99.8584;100000.0;99.8584;99.8584;4.0;0.0;1940000.0;-0.8454;519907.4074;-0.8077;345000.0;-0.7101;84.1513;0.1867;84.0695;0.1878;84.0891;0.1875;;;;;;;;;;;;
AT0000A2XLD9;2023-10-24;2023-10-24T00:00:00;0.8900040145;0.9084704938;0.9490164593;0.9458048976;AT0000A2XLD9;A;T1;H01.50;N;N;2026-04-28T00:00:00;2026-04-27T00:00:00;2025-04-28T00:00:00;2026-04-28T00:00:00;ANNUA;FIX;1.375;13.75;1.071E8;1.071E8;9.9008595E7;6.0;1.785E7;1.65014325E7;2700000.0;2496015.0;6.0;0.0;1.0717E8;-7.0E-4;1.7605E7;0.0139;2630000.0;0.0266;;;;;;;;;;;;;;;;;;;;;;;;;;;;;;;;;;;
AT0000A326N4;2023-10-24;2023-10-24T00:00:00;0.8285828984;0.8598956242;0.936571658;0.8896025692;AT0000A326N4;A;T1;H02.50;N;N;2026-01-31T00:00:00;2026-01-30T00:00:00;2025-01-31T00:00:00;2026-01-31T00:00:00;ANNUA;FIX;3.125;31.25;4.97E7;4.97E7;4.83717675E7;6.0;8283333.3333;8061961.25;2500000.0;2433187.5;6.0;0.0;4.97E7;0.0;8283333.3333;0.0;2500000.0;0.0;;;;;;;;;;;;;;;;;;;;;;;;;;;;;;;;;;;
AT0000A34QR4;2023-10-24;2023-10-24T00:00:00;0.9879566439;0.9971898836;0.9911682055;0.9903653151;AT0000A34QR4;A;T1;H14.00;N;N;2026-05-30T00:00:00;2026-05-29T00:00:00;2025-05-30T00:00:00;2026-05-30T00:00:00;ANNUA;FIX;4.25;42.5;1.717E8;1.717E8;1.69297917E8;43.0;3993023.2558;3937160.8605;1200000.0;1183212.0;42.0;0.0;1.7723E8;-0.0312;4140858.5368;-0.0357;1261666.6667;-0.0489;8000000.0;;8700000.0;;;;;;;4.0;0.0;4256666.6667;0.8794;1084849.3266;2.6871;1001666.6667;2.9933;77.2984;0.288;77.1734;0.29;77.3142;0.2872;;;;;;;;;;;;
AT0000A33SH3;2023-10-24;2023-10-24T00:00:00;0.8585657371;0.7390438247;0.8227091633;0.8585657371;AT0000A33SH3;A;T1;H01.50;N;N;2026-05-23T00:00:00;2026-05-22T00:00:00;2025-05-23T00:00:00;2026-05-23T00:00:00;ANNUA;FIX;2.9;29.0;1.323439E9;1.323439E9;1.30145667821E9;88.0;1.50390795455E7;1.47892804342E7;2479500.0;2438315.505;87.0;0.0;1.3584802666667E9;-0.0258;1.55252125443E7;-0.0313;2116966.6667;0.1713;6.3708E7;2.54179E8;1.19012E8;61.0;1044393.4426;98.9083;235000.0;99.4996;98.8005;31.0;0.0;1.105036666667E8;-0.4235;4114016.7226;-0.7461;229216.6667;0.0252;99.835;-0.0093;99.9246;-0.0043;99.5387;-0.0074;;;;;;;;;;;;
AT0000A33SH3;2023-10-23;2023-10-23T00:00:00;0.9322709163;0.8087649402;0.8067729084;0.922310757;AT0000A33SH3;A;T1;H01.50;N;N;2026-05-23T00:00:00;2026-05-22T00:00:00;2025-05-23T00:00:00;2026-05-23T00:00:00;ANNUA;FIX;2.9;29.0;1.324817E9;1.324817E9;1.298857210885E9;92.0;1.44001847826E7;1.41180131618E7;2237500.0;2193656.1875;87.0;0.0;1.3603142E9;-0.0261;1.5591176148E7;-0.0764;2100283.3333;0.0653;2.01114E8;6.3708E7;2.54179E8;74.0;2717756.7568;98.8899;547500.0;99.2907;99.5358;30.0;1.0;1.111752E8;0.809;4200731.1441;-0.353;222050.0;1.4657;99.8926;-0.01;99.9611;-0.0067;99.5993;-6.0E-4;;;;;;;;;;;;
AT0000A2XLD9;2023-10-23;2023-10-23T00:00:00;0.8891566265;0.9120481928;0.9485943775;0.943373494;AT0000A2XLD9;A;T1;H01.50;N;N;2026-04-28T00:00:00;2026-04-27T00:00:00;2025-04-28T00:00:00;2026-04-28T00:00:00;ANNUA;FIX;1.375;13.75;1.071E8;1.071E8;9.883188E7;6.0;1.785E7;1.647198E7;2700000.0;2491560.0;6.0;0.0;1.0717E8;-7.0E-4;1.7605E7;0.0139;2630000.0;0.0266;;;;;;;;;;;;;;;;;;;;;;;;;;;;;;;;;;;
AT0000A32562;2023-10-23;2023-10-23T00:00:00;0.9465863454;0.9775100402;0.9951807229;0.9746987952;AT0000A32562;A;T1;H14.00;N;N;2026-01-16T00:00:00;2026-01-15T00:00:00;2025-01-16T00:00:00;2026-01-16T00:00:00;ANNUA;FIX;4.0;40.0;2.271E8;2.271E8;2.192427942E8;53.0;4284905.6604;4136656.4943;1500000.0;1448103.0;54.0;0.0;2.305266666667E8;-0.0149;4196893.268;0.021;1481666.6667;0.0124;1400000.0;300000.0;100000.0;5.0;280000.0;99.5559;100000.0;99.5559;99.5439;3.0;0.0;1930000.0;-0.2746;516574.0741;-0.458;341666.6667;-0.7073;80.8227;0.2318;80.7408;0.233;80.7605;0.2326;;;;;;;;;;;;
AT0000A326N4;2023-10-23;2023-10-23T00:00:00;0.8305220884;0.8610441767;0.9365461847;0.8891566265;AT0000A326N4;A;T1;H02.50;N;N;2026-01-31T00:00:00;2026-01-30T00:00:00;2025-01-31T00:00:00;2026-01-31T00:00:00;ANNUA;FIX;3.125;31.25;4.97E7;4.97E7;4.8276095E7;6.0;8283333.3333;8046015.8333;2500000.0;2428375.0;6.0;0.0;4.97E7;0.0;8283333.3333;0.0;2500000.0;0.0;;;;;;;;;;;;;;;;;;;;;;;;;;;;;;;;;;;
AT0000A34QR4;2023-10-23;2023-10-23T00:00:00;0.9694779116;0.9891566265;0.9911646586;0.9851405622;AT0000A34QR4;A;T1;H14.00;N;N;2026-05-30T00:00:00;2026-05-29T00:00:00;2025-05-30T00:00:00;2026-05-30T00:00:00;ANNUA;FIX;4.25;42.5;1.663E8;1.663E8;1.63319904E8;42.0;3959523.8095;3888569.1429;1150000.0;1129392.0;42.0;0.0;1.771766666667E8;-0.0614;4161001.0048;-0.0484;1265000.0;-0.0909;2100000.0;8000000.0;;3.0;700000.0;99.6023;600000.0;99.6023;99.6253;4.0;0.0;4240000.0;-0.5047;982765.9933;-0.2877;881666.6667;-0.3195;77.3399;0.2879;77.2149;0.2899;77.3569;0.2879;;;;;;;;;;;;
AT0000A2XLD9;2023-10-20;2023-10-20T00:00:00;0.8913043478;0.9202898551;0.9488727858;0.9456521739;AT0000A2XLD9;A;T1;H01.50;N;N;2026-04-28T00:00:00;2026-04-27T00:00:00;2025-04-28T00:00:00;2026-04-28T00:00:00;ANNUA;FIX;1.375;13.75;1.071E8;1.071E8;9.8794395E7;6.0;1.785E7;1.64657325E7;2700000.0;2490615.0;6.0;0.0;1.0717E8;-7.0E-4;1.7605E7;0.0139;2630000.0;0.0266;;;;;;;;;;;;;;;;;;;;;;;;;;;;;;;;;;;
AT0000A34QR4;2023-10-20;2023-10-20T00:00:00;0.9649758454;0.9867149758;0.9915458937;0.9798711755;AT0000A34QR4;A;T1;H14.00;N;N;2026-05-30T00:00:00;2026-05-29T00:00:00;2025-05-30T00:00:00;2026-05-30T00:00:00;ANNUA;FIX;4.25;42.5;1.679E8;1.679E8;1.64866047E8;42.0;3997619.0476;3925382.0714;1150000.0;1129219.5;42.0;0.0;1.772666666667E8;-0.0528;4173461.3223;-0.0421;1266666.6667;-0.0921;2700000.0;2100000.0;8000000.0;5.0;540000.0;99.8515;400000.0;99.838;99.8792;4.0;0.0;4170000.0;-0.3525;959432.6599;-0.4372;861666.6667;-0.5358;74.0198;0.349;73.8948;0.3511;74.036;0.3491;;;;;;;;;;;;
AT0000A33SH3;2023-10-20;2023-10-20T00:00:00;0.9123505976;0.812749004;0.8207171315;0.8864541833;AT0000A33SH3;A;T1;H01.50;N;N;2026-05-23T00:00:00;2026-05-22T00:00:00;2025-05-23T00:00:00;2026-05-23T00:00:00;ANNUA;FIX;2.9;29.0;1.380368E9;1.380368E9;1.35301600808E9;93.0;1.48426666667E7;1.45485592267E7;2479000.0;2429878.615;87.0;0.0;1.3645393333333E9;0.0116;1.57012395007E7;-0.0547;2096450.0;0.1825;1.4561E8;2.01114E8;6.3708E7;54.0;2696481.4815;99.4982;100000.0;99.4969;98.9866;28.0;0.0;1.089106E8;0.337;4406085.9189;-0.388;213800.0;-0.5323;99.9404;-0.0044;100.0002;-0.005;99.6073;-0.0062;;;;;;;;;;;;
AT0000A32562;2023-10-20;2023-10-20T00:00:00;0.9758454106;0.9951690821;0.9963768116;0.9891304348;AT0000A32562;A;T1;H14.00;N;N;2026-01-16T00:00:00;2026-01-15T00:00:00;2025-01-16T00:00:00;2026-01-16T00:00:00;ANNUA;FIX;4.0;40.0;2.344E8;2.344E8;2.260427024E8;54.0;4340740.7407;4185975.9704;1600000.0;1542953.6;55.0;0.0;2.3073E8;0.0159;4195396.4126;0.0346;1488333.3333;0.075;5200000.0;1400000.0;300000.0;3.0;1733333.3333;99.7356;100000.0;99.7356;99.7356;3.0;0.0;1883333.3333;1.7611;507240.7407;2.4172;338333.3333;-0.7044;77.5042;0.2868;77.4223;0.2882;77.4424;0.2879;;;;;;;;;;;;
AT0000A326N4;2023-10-20;2023-10-20T00:00:00;0.8297101449;0.8611111111;0.9363929147;0.8904991948;AT0000A326N4;A;T1;H02.50;N;N;2026-01-31T00:00:00;2026-01-30T00:00:00;2025-01-31T00:00:00;2026-01-31T00:00:00;ANNUA;FIX;3.125;31.25;4.97E7;4.97E7;4.8261185E7;6.0;8283333.3333;8043530.8333;2500000.0;2427625.0;6.0;0.0;4.97E7;0.0;8283333.3333;0.0;2500000.0;0.0;;;;;;;;;;;;;;;;;;;;;;;;;;;;;;;;;;;
AT0000A33SH3;2023-10-19;2023-10-19T00:00:00;0.9121756487;0.8982035928;0.8163672655;0.8842315369;AT0000A33SH3;A;T1;H01.50;N;N;2026-05-23T00:00:00;2026-05-22T00:00:00;2025-05-23T00:00:00;2026-05-23T00:00:00;ANNUA;FIX;2.9;29.0;1.366441E9;1.366441E9;1.336752787318E9;88.0;1.55277386364E7;1.51903725832E7;2237500.0;2188886.5758;86.0;0.0;1.3676187E9;-9.0E-4;1.57773168909E7;-0.0158;2081733.3333;0.0748;4.8835E7;1.4561E8;2.01114E8;16.0;3052187.5;99.8887;700000.0;99.8647;99.7551;27.0;0.0;1.123877E8;-0.5655;4593895.425;-0.3356;212333.3333;2.2967;99.9762;-9.0E-4;100.0359;-0.0017;99.6496;0.0011;;;;;;;;;;;;
AT0000A32562;2023-10-19;2023-10-19T00:00:00;0.9016525595;0.9830713422;0.9955663039;0.9625151149;AT0000A32562;A;T1;H14.00;N;N;2026-01-16T00:00:00;2026-01-15T00:00:00;2025-01-16T00:00:00;2026-01-16T00:00:00;ANNUA;FIX;4.0;40.0;2.296E8;2.296E8;2.207989728E8;53.0;4332075.4717;4166018.3547;1500000.0;1442502.0;55.0;0.0;2.3069E8;-0.0047;4192038.388;0.0334;1491666.6667;0.0056;500000.0;5200000.0;1400000.0;;;;;;;3.0;0.0;1710000.0;-0.7076;449462.963;0.1124;335000.0;0.4925;74.1797;0.3502;74.0978;0.3517;74.1179;0.3513;;;;;;;;;;;;
AT0000A34QR4;2023-10-19;2023-10-19T00:00:00;0.9907295445;0.9959693672;0.9895203547;0.9951632406;AT0000A34QR4;A;T1;H14.00;N;N;2026-05-30T00:00:00;2026-05-29T00:00:00;2025-05-30T00:00:00;2026-05-30T00:00:00;ANNUA;FIX;4.25;42.5;1.69E8;1.69E8;1.653327E8;42.0;4023809.5238;3936492.8571;1200000.0;1173960.0;42.0;0.0;1.773033333333E8;-0.0468;4181040.6873;-0.0376;1265000.0;-0.0514;1.2E7;2700000.0;2100000.0;6.0;2000000.0;100.1147;2000000.0;100.1114;100.1839;4.0;0.0;4110000.0;1.9197;951432.6599;1.1021;861666.6667;1.3211;74.0414;0.3521;73.9168;0.3544;74.0568;0.3528;;;;;;;;;;;;
AT0000A2XLD9;2023-10-19;2023-10-19T00:00:00;0.8948004837;0.9209995969;0.9488109633;0.9455864571;AT0000A2XLD9;A;T1;H01.50;N;N;2026-04-28T00:00:00;2026-04-27T00:00:00;2025-04-28T00:00:00;2026-04-28T00:00:00;ANNUA;FIX;1.375;13.75;1.071E8;1.071E8;9.855342E7;6.0;1.785E7;1.642557E7;2700000.0;2484540.0;6.0;0.0;1.0717E8;-7.0E-4;1.7605E7;0.0139;2630000.0;0.0266;;;;;;;;;;;;;;;;;;;;;;;;;;;;;;;;;;;
AT0000A326N4;2023-10-19;2023-10-19T00:00:00;0.8286981056;0.8609431681;0.9371221282;0.8927851673;AT0000A326N4;A;T1;H02.50;N;N;2026-01-31T00:00:00;2026-01-30T00:00:00;2025-01-31T00:00:00;2026-01-31T00:00:00;ANNUA;FIX;3.125;31.25;4.97E7;4.97E7;4.818415E7;6.0;8283333.3333;8030691.6667;2500000.0;2423750.0;6.0;0.0;4.97E7;0.0;8283333.3333;0.0;2500000.0;0.0;;;;;;;;;;;;;;;;;;;;;;;;;;;;;;;;;;;
AT0000A2XLD9;2023-10-18;2023-10-18T00:00:00;0.895203547;0.9226118501;0.9488109633;0.9496170899;AT0000A2XLD9;A;T1;H01.50;N;N;2026-04-28T00:00:00;2026-04-27T00:00:00;2025-04-28T00:00:00;2026-04-28T00:00:00;ANNUA;FIX;1.375;13.75;1.071E8;1.071E8;9.857484E7;6.0;1.785E7;1.642914E7;2700000.0;2485080.0;6.0;0.0;1.0717E8;-7.0E-4;1.7605E7;0.0139;2630000.0;0.0266;;;;;;;;;;;;;;;;;;;;;;;;;;;;;;;;;;;
AT0000A326N4;2023-10-18;2023-10-18T00:00:00;0.8299072954;0.8617492946;0.938331318;0.8948004837;AT0000A326N4;A;T1;H02.50;N;N;2026-01-31T00:00:00;2026-01-30T00:00:00;2025-01-31T00:00:00;2026-01-31T00:00:00;ANNUA;FIX;3.125;31.25;4.97E7;4.97E7;4.82003025E7;6.0;8283333.3333;8033383.75;2500000.0;2424562.5;6.0;0.0;4.97E7;0.0;8283333.3333;0.0;2500000.0;0.0;;;;;;;;;;;;;;;;;;;;;;;;;;;;;;;;;;;
AT0000A34QR4;2023-10-18;2023-10-18T00:00:00;0.9822652156;0.9967754938;0.9923417977;0.989923418;AT0000A34QR4;A;T1;H14.00;N;N;2026-05-30T00:00:00;2026-05-29T00:00:00;2025-05-30T00:00:00;2026-05-30T00:00:00;ANNUA;FIX;4.25;42.5;1.719E8;1.719E8;1.68202431E8;42.0;4092857.1429;4004819.7857;1150000.0;1125263.5;42.0;0.0;1.773E8;-0.0305;4191272.6776;-0.0235;1265000.0;-0.0909;5100000.0;1.2E7;2700000.0;;;;;;;3.0;0.0;3710000.0;0.3747;884765.9933;1.8821;795000.0;2.2075;70.7042;0.4198;70.5798;0.4223;70.7173;0.4195;;;;;;;;;;;;
AT0000A32562;2023-10-18;2023-10-18T00:00:00;0.9673518742;0.9975816203;0.997178557;0.9826682789;AT0000A32562;A;T1;H14.00;N;N;2026-01-16T00:00:00;2026-01-15T00:00:00;2025-01-16T00:00:00;2026-01-16T00:00:00;ANNUA;FIX;4.0;40.0;2.288E8;2.288E8;2.204401056E8;52.0;4400000.0;4239232.8;1600000.0;1541539.2;55.0;0.0;2.3081E8;-0.0087;4188969.2056;0.0504;1498333.3333;0.0679;3000000.0;500000.0;5200000.0;;;;;;;3.0;0.0;1693333.3333;0.7717;432796.2963;5.9317;318333.3333;8.4241;70.8412;0.4204;70.7593;0.4221;70.7794;0.4217;;;;;;;;;;;;
AT0000A33SH3;2023-10-18;2023-10-18T00:00:00;0.7824351297;0.7345309381;0.8063872255;0.7964071856;AT0000A33SH3;A;T1;H01.50;N;N;2026-05-23T00:00:00;2026-05-22T00:00:00;2025-05-23T00:00:00;2026-05-23T00:00:00;ANNUA;FIX;2.9;29.0;1.364514E9;1.364514E9;1.3368985017332E9;88.0;1.55058409091E7;1.51920284288E7;2489500.0;2439116.6525;86.0;0.0;1.3712211333333E9;-0.0049;1.58379663874E7;-0.021;2075816.6667;0.1993;3.1089E7;4.8835E7;1.4561E8;22.0;1413136.3636;100.0696;200000.0;100.0751;100.0742;27.0;0.0;1.137387666667E8;-0.7267;4648940.0522;-0.696;191500.0;0.0444;100.0017;7.0E-4;100.0615;1.0E-4;99.6779;0.004;;;;;;;;;;;;
AT0000A33SH3;2023-10-17;2023-10-17T00:00:00;0.888;0.908;0.81;0.866;AT0000A33SH3;A;T1;H01.50;N;N;2026-05-23T00:00:00;2026-05-22T00:00:00;2025-05-23T00:00:00;2026-05-23T00:00:00;ANNUA;FIX;2.9;29.0;1.382941E9;1.382941E9;1.3572851349382E9;89.0;1.55386629213E7;1.52503947746E7;2413000.0;2368234.8203;86.0;0.0;1.3752790666667E9;0.0056;1.58840792661E7;-0.0217;2062133.3333;0.1701;1.06376E8;3.1089E7;4.8835E7;18.0;5909777.7778;99.9924;762500.0;100.2052;99.2273;28.0;0.0;1.185212E8;-0.1025;4763466.9883;0.2406;186966.6667;3.0783;100.0261;-3.0E-4;100.0873;0.0012;99.6915;-0.0047;;;;;;;;;;;;
AT0000A2XLD9;2023-10-17;2023-10-17T00:00:00;0.8956066102;0.9230149133;0.9484079;0.9484079;AT0000A2XLD9;A;T1;H01.50;N;N;2026-04-28T00:00:00;2026-04-27T00:00:00;2025-04-28T00:00:00;2026-04-28T00:00:00;ANNUA;FIX;1.375;13.75;1.071E8;1.071E8;9.868194E7;6.0;1.785E7;1.644699E7;2700000.0;2487780.0;6.0;0.0;1.071933333333E8;-9.0E-4;1.75233333333E7;0.0186;2606666.6667;0.0358;;;;;;;;;;;;;;;;;;;;;;;;;;;;;;;;;;;
AT0000A32562;2023-10-17;2023-10-17T00:00:00;0.9121322048;0.979846836;0.9975816203;0.9681580008;AT0000A32562;A;T1;H14.00;N;N;2026-01-16T00:00:00;2026-01-15T00:00:00;2025-01-16T00:00:00;2026-01-16T00:00:00;ANNUA;FIX;4.0;40.0;2.318E8;2.318E8;2.240013208E8;52.0;4457692.3077;4307717.7077;1600000.0;1546169.6;55.0;0.0;2.3096E8;0.0036;4178735.2874;0.0668;1495000.0;0.0702;800000.0;3000000.0;500000.0;;;;;;;3.0;0.0;1593333.3333;-0.4979;332796.2963;0.2019;218333.3333;0.8321;67.4871;-1.0;67.4052;-1.0;67.4253;-1.0;;;;;;;;;;;;
AT0000A34QR4;2023-10-17;2023-10-17T00:00:00;0.9326884321;0.9830713422;0.9939540508;0.9693671906;AT0000A34QR4;A;T1;H14.00;N;N;2026-05-30T00:00:00;2026-05-29T00:00:00;2025-05-30T00:00:00;2026-05-30T00:00:00;ANNUA;FIX;4.25;42.5;1.791E8;1.791E8;1.75799187E8;43.0;4165116.2791;4088353.186;1300000.0;1276041.0;42.0;0.0;1.765033333333E8;0.0147;4184668.6676;-0.0047;1263333.3333;0.029;900000.0;5100000.0;1.2E7;;;;;;;3.0;0.0;3590000.0;-0.7493;849765.9933;-0.4704;760000.0;-0.4079;67.358;0.4909;67.2336;0.4936;67.3711;0.4913;;;;;;;;;;;;
AT0000A326N4;2023-10-17;2023-10-17T00:00:00;0.8311164853;0.8621523579;0.9379282547;0.8943974204;AT0000A326N4;A;T1;H02.50;N;N;2026-01-31T00:00:00;2026-01-30T00:00:00;2025-01-31T00:00:00;2026-01-31T00:00:00;ANNUA;FIX;3.125;31.25;4.97E7;4.97E7;4.82698825E7;6.0;8283333.3333;8044980.4167;2500000.0;2428062.5;6.0;0.0;4.97E7;0.0;8283333.3333;0.0;2500000.0;0.0;;;;;;;;;;;;;;;;;;;;;;;;;;;;;;;;;;;
AT0000A326N4;2023-10-16;2023-10-16T00:00:00;0.8315195486;0.8597339782;0.9379282547;0.8931882306;AT0000A326N4;A;T1;H02.50;N;N;2026-01-31T00:00:00;2026-01-30T00:00:00;2025-01-31T00:00:00;2026-01-31T00:00:00;ANNUA;FIX;3.125;31.25;4.97E7;4.97E7;4.83991025E7;6.0;8283333.3333;8066517.0833;2500000.0;2434562.5;6.0;0.0;4.97E7;0.0;8283333.3333;0.0;2500000.0;0.0;;;;;;;;;;;;;;;;;;;;;;;;;;;;;;;;;;;
AT0000A32562;2023-10-16;2023-10-16T00:00:00;0.9782345828;0.9858927852;0.9967754938;0.987101975;AT0000A32562;A;T1;H14.00;N;N;2026-01-16T00:00:00;2026-01-15T00:00:00;2025-01-16T00:00:00;2026-01-16T00:00:00;ANNUA;FIX;4.0;40.0;2.318E8;2.318E8;2.250110416E8;53.0;4373584.9057;4245491.3509;1700000.0;1650210.4;55.0;0.0;2.3101E8;0.0034;4169014.5915;0.0491;1495000.0;0.1371;6300000.0;800000.0;3000000.0;9.0;700000.0;102.0101;200000.0;102.0101;101.0404;3.0;2.0;1613333.3333;2.905;328796.2963;1.129;211666.6667;-0.0551;70.8709;0.4394;70.7866;0.4411;70.8085;0.427;;;;;;;;;;;;
AT0000A2XLD9;2023-10-16;2023-10-16T00:00:00;0.8992341798;0.9234179766;0.9488109633;0.9484079;AT0000A2XLD9;A;T1;H01.50;N;N;2026-04-28T00:00:00;2026-04-27T00:00:00;2025-04-28T00:00:00;2026-04-28T00:00:00;ANNUA;FIX;1.375;13.75;1.071E8;1.071E8;9.894969E7;6.0;1.785E7;1.6491615E7;2700000.0;2494530.0;6.0;0.0;1.072166666667E8;-0.0011;1.74416666667E7;0.0234;2583333.3333;0.0452;;;;;;;;;;;;;;;;;;;;;;;;;;;;;;;;;;;
AT0000A33SH3;2023-10-16;2023-10-16T00:00:00;0.86;0.834;0.806;0.856;AT0000A33SH3;A;T1;H01.50;N;N;2026-05-23T00:00:00;2026-05-22T00:00:00;2025-05-23T00:00:00;2026-05-23T00:00:00;ANNUA;FIX;2.9;29.0;1.418119E9;1.418119E9;1.3978871642061E9;90.0;1.57568777778E7;1.55320796023E7;2292000.0;2259300.7923;86.0;0.0;1.3756406666667E9;0.0309;1.59617601602E7;-0.0128;2052200.0;0.1169;6.8928E7;1.06376E8;3.1089E7;24.0;2872000.0;100.0011;222500.0;100.2752;100.0955;28.0;0.0;1.173730333333E8;-0.4127;4646397.729;-0.3819;165050.0;0.3481;100.0571;-6.0E-4;100.1149;0.0016;99.7493;0.0035;;;;;;;;;;;;
AT0000A34QR4;2023-10-16;2023-10-16T00:00:00;0.9492140266;0.9810560258;0.9923417977;0.9721886336;AT0000A34QR4;A;T1;H14.00;N;N;2026-05-30T00:00:00;2026-05-29T00:00:00;2025-05-30T00:00:00;2026-05-30T00:00:00;ANNUA;FIX;4.25;42.5;1.798E8;1.798E8;1.7734573E8;44.0;4086363.6364;4030584.7727;1250000.0;1232937.5;42.0;0.0;1.755166666667E8;0.0244;4176971.8091;-0.0217;1256666.6667;-0.0053;1200000.0;900000.0;5100000.0;3.0;400000.0;100.5045;300000.0;100.5045;100.5577;3.0;0.0;3560000.0;-0.6629;834765.9933;-0.5208;745000.0;-0.5973;64.0106;0.5701;63.8862;0.5732;64.0222;0.5707;;;;;;;;;;;;
AT0000A326N4;2023-10-13;2023-10-13T00:00:00;0.8295042322;0.8625554212;0.9391374446;0.8939943571;AT0000A326N4;A;T1;H02.50;N;N;2026-01-31T00:00:00;2026-01-30T00:00:00;2025-01-31T00:00:00;2026-01-31T00:00:00;ANNUA;FIX;3.125;31.25;4.97E7;4.97E7;4.84239525E7;6.0;8283333.3333;8070658.75;2500000.0;2435812.5;6.0;0.0;4.97E7;0.0;8283333.3333;0.0;2500000.0;0.0;;;;;;;;;;;;;;;;;;;;;;;;;;;;;;;;;;;
AT0000A2XLD9;2023-10-13;2023-10-13T00:00:00;0.9008464329;0.9298669891;0.9500201532;0.951229343;AT0000A2XLD9;A;T1;H01.50;N;N;2026-04-28T00:00:00;2026-04-27T00:00:00;2025-04-28T00:00:00;2026-04-28T00:00:00;ANNUA;FIX;1.375;13.75;1.071E8;1.071E8;9.897111E7;6.0;1.785E7;1.6495185E7;2700000.0;2495070.0;6.0;0.0;1.0724E8;-0.0013;1.736E7;0.0282;2560000.0;0.0547;;;;;;;;;;;;;;;;;;;;;;;;;;;;;;;;;;;
AT0000A34QR4;2023-10-13;2023-10-13T00:00:00;0.987101975;0.9959693672;0.9939540508;0.9915356711;AT0000A34QR4;A;T1;H14.00;N;N;2026-05-30T00:00:00;2026-05-29T00:00:00;2025-05-30T00:00:00;2026-05-30T00:00:00;ANNUA;FIX;4.25;42.5;1.798E8;1.798E8;1.77717916E8;43.0;4181395.3488;4132974.7907;1300000.0;1284946.0;41.0;0.0;1.751533333333E8;0.0265;4185118.6623;-9.0E-4;1255000.0;0.0359;7900000.0;1200000.0;900000.0;3.0;2633333.3333;100.6145;3000000.0;100.6792;100.6339;3.0;0.0;3520000.0;1.2443;821432.6599;2.2058;735000.0;3.0816;60.6605;0.6586;60.5361;0.6631;60.6702;0.6587;;;;;;;;;;;;
AT0000A33SH3;2023-10-13;2023-10-13T00:00:00;0.952;0.942;0.808;0.914;AT0000A33SH3;A;T1;H01.50;N;N;2026-05-23T00:00:00;2026-05-22T00:00:00;2025-05-23T00:00:00;2026-05-23T00:00:00;ANNUA;FIX;2.9;29.0;1.424061E9;1.424061E9;1.4056906131E9;91.0;1.5649021978E7;1.54471495945E7;2479000.0;2447020.9;86.0;0.0;1.3755528E9;0.0353;1.60337811119E7;-0.024;2042466.6667;0.2137;2.53727E8;6.8928E7;1.06376E8;28.0;9061678.5714;100.2145;514000.0;100.3965;99.6694;29.0;0.0;1.214623333333E8;1.0889;4714431.0623;0.9221;160633.3333;2.1998;100.0741;0.0014;100.1388;0.0026;99.7568;-9.0E-4;;;;;;;;;;;;
AT0000A32562;2023-10-13;2023-10-13T00:00:00;0.9496170899;0.9862958484;0.9967754938;0.9782345828;AT0000A32562;A;T1;H14.00;N;N;2026-01-16T00:00:00;2026-01-15T00:00:00;2025-01-16T00:00:00;2026-01-16T00:00:00;ANNUA;FIX;4.0;40.0;2.295E8;2.295E8;2.23113474E8;53.0;4330188.6792;4209688.1887;1500000.0;1458258.0;55.0;0.0;2.3104E8;-0.0067;4164258.731;0.0398;1495000.0;0.0033;1000000.0;6300000.0;800000.0;;;;;;;3.0;0.0;1413333.3333;-0.2925;315462.963;0.585;215000.0;1.3256;70.8516;0.4195;70.7673;0.4212;70.8215;0.4201;;;;;;;;;;;;
AT0000A2XLD9;2023-10-12;2023-10-12T00:00:00;0.901573215;0.9338442921;0.9507866075;0.9528035498;AT0000A2XLD9;A;T1;H01.50;N;N;2026-04-28T00:00:00;2026-04-27T00:00:00;2025-04-28T00:00:00;2026-04-28T00:00:00;ANNUA;FIX;1.375;13.75;1.071E8;1.071E8;9.8901495E7;6.0;1.785E7;1.64835825E7;2700000.0;2493315.0;6.0;0.0;1.072633333333E8;-0.0015;1.72783333333E7;0.0331;2536666.6667;0.0644;;;;;;;;;;;;;;;;;;;;;;;;;;;;;;;;;;;
AT0000A34QR4;2023-10-12;2023-10-12T00:00:00;0.978217023;0.99475595;0.9915288423;0.9870915692;AT0000A34QR4;A;T1;H14.00;N;N;2026-05-30T00:00:00;2026-05-29T00:00:00;2025-05-30T00:00:00;2026-05-30T00:00:00;ANNUA;FIX;4.25;42.5;1.778E8;1.778E8;1.7552416E8;44.0;4040909.0909;3989185.4545;1350000.0;1332720.0;41.0;0.0;1.7479E8;0.0172;4190097.7917;-0.0356;1251666.6667;0.0786;4600000.0;7900000.0;1200000.0;;;;;;;3.0;0.0;3256666.6667;0.4125;733654.8822;2.135;635000.0;2.622;57.3067;0.7505;57.1801;0.7544;57.3158;0.7503;;;;;;;;;;;;
AT0000A33SH3;2023-10-12;2023-10-12T00:00:00;0.952;0.94;0.808;0.92;AT0000A33SH3;A;T1;H01.50;N;N;2026-05-23T00:00:00;2026-05-22T00:00:00;2025-05-23T00:00:00;2026-05-23T00:00:00;ANNUA;FIX;2.9;29.0;1.404538E9;1.404538E9;1.38481828648E9;99.0;1.41872525253E7;1.39880634998E7;2042000.0;2013330.32;85.0;0.0;1.3718734666667E9;0.0238;1.60664428266E7;-0.117;2021833.3333;0.01;2.62492E8;2.53727E8;6.8928E7;31.0;8467483.871;99.9665;229000.0;100.1506;100.0604;28.0;0.0;1.191431333333E8;1.2032;4704678.2845;0.7998;146833.3333;0.5596;100.0815;-0.0011;100.1435;1.0E-4;99.772;0.0029;;;;;;;;;;;;
AT0000A32562;2023-10-12;2023-10-12T00:00:00;0.9237595805;0.9681323114;0.9955627269;0.9701492537;AT0000A32562;A;T1;H14.00;N;N;2026-01-16T00:00:00;2026-01-15T00:00:00;2025-01-16T00:00:00;2026-01-16T00:00:00;ANNUA;FIX;4.0;40.0;2.286E8;2.286E8;2.222874396E8;53.0;4313207.5472;4194102.634;1500000.0;1458579.0;55.0;0.0;2.311366666667E8;-0.011;4163375.8985;0.036;1503333.3333;-0.0022;1000000.0;1000000.0;6300000.0;6.0;166666.6667;0.0;200000.0;0.0;0.0;3.0;1.0;1386666.6667;-0.2788;302129.6296;-0.4484;201666.6667;-0.0083;67.4991;-1.0;67.4147;-1.0;67.469;-1.0;;;;;;;;;;;;
AT0000A326N4;2023-10-12;2023-10-12T00:00:00;0.8305768455;0.8652682533;0.9382815651;0.8951189996;AT0000A326N4;A;T1;H02.50;N;N;2026-01-31T00:00:00;2026-01-30T00:00:00;2025-01-31T00:00:00;2026-01-31T00:00:00;ANNUA;FIX;3.125;31.25;4.97E7;4.97E7;4.841774E7;6.0;8283333.3333;8069623.3333;2500000.0;2435500.0;6.0;0.0;4.97E7;0.0;8283333.3333;0.0;2500000.0;0.0;0.0;;;;;;;;;;;0.0;0.0;;;;;;;;;0.0;0.0;;;;;;;;;;;;
AT0000A32562;2023-10-11;2023-10-11T00:00:00;0.9257765228;0.9822509076;0.9959661154;0.9725695845;AT0000A32562;A;T1;H14.00;N;N;2026-01-16T00:00:00;2026-01-15T00:00:00;2025-01-16T00:00:00;2026-01-16T00:00:00;ANNUA;FIX;4.0;40.0;2.19E8;2.19E8;2.13293736E8;53.0;4132075.4717;4024410.1132;1300000.0;1266127.2;55.0;0.0;2.312933333333E8;-0.0532;4163614.6592;-0.0076;1511666.6667;-0.14;1000000.0;1000000.0;1000000.0;3.0;333333.3333;99.9849;300000.0;99.9849;99.9849;3.0;0.0;1383333.3333;-0.2771;301574.0741;0.1053;198333.3333;0.5126;70.8687;0.4108;70.7843;0.4125;70.8391;0.4114;;;;;;;;;;;;
AT0000A34QR4;2023-10-11;2023-10-11T00:00:00;0.9507866075;0.9842678499;0.9931423961;0.9753933038;AT0000A34QR4;A;T1;H14.00;N;N;2026-05-30T00:00:00;2026-05-29T00:00:00;2025-05-30T00:00:00;2026-05-30T00:00:00;ANNUA;FIX;4.25;42.5;1.798E8;1.798E8;1.77806018E8;44.0;4086363.6364;4041045.8636;1250000.0;1236137.5;41.0;0.0;1.744933333333E8;0.0304;4199759.7963;-0.027;1246666.6667;0.0027;1200000.0;4600000.0;7900000.0;3.0;400000.0;99.7982;400000.0;99.8328;99.7982;3.0;0.0;3130000.0;-0.6166;663654.8822;-0.3973;563333.3333;-0.2899;57.321;0.741;57.1944;0.7455;57.33;0.7408;;;;;;;;;;;;
AT0000A2XLD9;2023-10-11;2023-10-11T00:00:00;0.907624042;0.9354578459;0.9515933844;0.9548204921;AT0000A2XLD9;A;T1;H01.50;N;N;2026-04-28T00:00:00;2026-04-27T00:00:00;2025-04-28T00:00:00;2026-04-28T00:00:00;ANNUA;FIX;1.375;13.75;1.071E8;1.071E8;9.90675E7;6.0;1.785E7;1.651125E7;2700000.0;2497500.0;6.0;0.0;1.072866666667E8;-0.0017;1.71966666667E7;0.038;2513333.3333;0.0743;;;;;;;;;;;;;;;;;;;;;;;;;;;;;;;;;;;
AT0000A326N4;2023-10-11;2023-10-11T00:00:00;0.8329971763;0.8660750303;0.9382815651;0.8947156111;AT0000A326N4;A;T1;H02.50;N;N;2026-01-31T00:00:00;2026-01-30T00:00:00;2025-01-31T00:00:00;2026-01-31T00:00:00;ANNUA;FIX;3.125;31.25;4.97E7;4.97E7;4.8489805E7;6.0;8283333.3333;8081634.1667;2500000.0;2439125.0;6.0;0.0;4.97E7;0.0;8283333.3333;0.0;2500000.0;0.0;;;;;;;;;;;;;;;;;;;;;;;;;;;;;;;;;;;
AT0000A33SH3;2023-10-11;2023-10-11T00:00:00;0.92;0.968;0.816;0.9;AT0000A33SH3;A;T1;H01.50;N;N;2026-05-23T00:00:00;2026-05-22T00:00:00;2025-05-23T00:00:00;2026-05-23T00:00:00;ANNUA;FIX;2.9;29.0;1.430135E9;1.430135E9;1.4142700261992E9;94.0;1.52142021277E7;1.50454258106E7;1955000.0;1933312.5203;84.0;0.0;1.3692106666667E9;0.0445;1.62154376955E7;-0.0617;2026100.0;-0.0351;1.43686E8;2.62492E8;2.53727E8;11.0;1.30623636364E7;99.8857;1460000.0;99.8228;99.778;28.0;0.0;1.126583E8;0.2754;4596651.8991;1.8417;140133.3333;9.4186;100.1075;-0.0022;100.163;-0.0034;99.7951;-2.0E-4;;;;;;;;;;;;
AT0000A326N4;2023-10-10;2023-10-10T00:00:00;0.8334005647;0.868495361;0.9386849536;0.8955223881;AT0000A326N4;A;T1;H02.50;N;N;2026-01-31T00:00:00;2026-01-30T00:00:00;2025-01-31T00:00:00;2026-01-31T00:00:00;ANNUA;FIX;3.125;31.25;4.97E7;4.97E7;4.84885625E7;6.0;8283333.3333;8081427.0833;2500000.0;2439062.5;6.0;0.0;4.97E7;0.0;8283333.3333;0.0;2500000.0;0.0;;;;;;;;;;;;;;;;;;;;;;;;;;;;;;;;;;;
AT0000A33SH3;2023-10-10;2023-10-10T00:00:00;0.902;0.916;0.808;0.872;AT0000A33SH3;A;T1;H01.50;N;N;2026-05-23T00:00:00;2026-05-22T00:00:00;2025-05-23T00:00:00;2026-05-23T00:00:00;ANNUA;FIX;2.9;29.0;1.338505E9;1.338505E9;1.3222176160683E9;90.0;1.48722777778E7;1.46913068452E7;1955000.0;1931210.8953;84.0;0.0;1.3662565666667E9;-0.0203;1.62890387501E7;-0.087;2027600.0;-0.0358;9.3699E7;1.43686E8;2.62492E8;15.0;6246600.0;99.5659;38000.0;99.5906;99.051;28.0;0.0;1.117676E8;-0.1617;4439727.8731;0.407;165600.0;-0.7705;100.1341;-0.0057;100.1973;-0.0061;99.8243;-0.0077;;;;;;;;;;;;
AT0000A2XLD9;2023-10-10;2023-10-10T00:00:00;0.906817265;0.9366680113;0.9519967729;0.9524001614;AT0000A2XLD9;A;T1;H01.50;N;N;2026-04-28T00:00:00;2026-04-27T00:00:00;2025-04-28T00:00:00;2026-04-28T00:00:00;ANNUA;FIX;1.375;13.75;1.071E8;1.071E8;9.9094275E7;6.0;1.785E7;1.65157125E7;2700000.0;2498175.0;6.0;0.0;1.0731E8;-0.002;1.7115E7;0.0429;2490000.0;0.0843;;;;;;;;;;;;;;;;;;;;;;;;;;;;;;;;;;;
AT0000A32562;2023-10-10;2023-10-10T00:00:00;0.9830576846;0.9903186769;0.9967728923;0.9911254538;AT0000A32562;A;T1;H14.00;N;N;2026-01-16T00:00:00;2026-01-15T00:00:00;2025-01-16T00:00:00;2026-01-16T00:00:00;ANNUA;FIX;4.0;40.0;2.234E8;2.234E8;2.17214054E8;53.0;4215094.3396;4098378.3774;1500000.0;1458465.0;55.0;0.0;2.317666666667E8;-0.0361;4167212.1435;0.0115;1525000.0;-0.0164;7600000.0;1000000.0;1000000.0;9.0;844444.4444;100.6741;200000.0;99.8207;100.0525;3.0;2.0;1356666.6667;4.602;297129.6296;1.842;195000.0;0.0256;67.5358;0.4907;67.4515;0.4799;67.5063;0.4821;;;;;;;;;;;;
AT0000A34QR4;2023-10-10;2023-10-10T00:00:00;0.9713594191;0.9943525615;0.9806373538;0.9850746269;AT0000A34QR4;A;T1;H14.00;N;N;2026-05-30T00:00:00;2026-05-29T00:00:00;2025-05-30T00:00:00;2026-05-30T00:00:00;ANNUA;FIX;4.25;42.5;1.802E8;1.802E8;1.78284474E8;43.0;4190697.6744;4146150.5581;1300000.0;1286181.0;41.0;0.0;1.7413E8;0.0349;4204297.6751;-0.0032;1241666.6667;0.047;;1200000.0;4600000.0;;;;;;;;;;;;;;;;;;;;;;;;;;;;;;;;
AT0000A33SH3;2023-10-09;2023-10-09T00:00:00;0.892;0.804;0.81;0.864;AT0000A33SH3;A;T1;H01.50;N;N;2026-05-23T00:00:00;2026-05-22T00:00:00;2025-05-23T00:00:00;2026-05-23T00:00:00;ANNUA;FIX;2.9;29.0;1.350179E9;1.350179E9;1.331931330815E9;88.0;1.53429431818E7;1.51355833047E7;2085000.0;2056821.225;83.0;0.0;1.3662084E9;-0.0117;1.63504044908E7;-0.0616;2030100.0;0.027;8.6491E7;9.3699E7;1.43686E8;38.0;2276078.9474;99.4938;112000.0;99.562;99.2674;28.0;0.0;1.102815666667E8;-0.2157;4436166.2065;-0.4869;165033.3333;-0.3213;100.1634;-0.0067;100.2269;-0.0066;99.8719;-0.0061;;;;;;;;;;;;
AT0000A326N4;2023-10-09;2023-10-09T00:00:00;0.8331987076;0.8699515347;0.9382067851;0.8953957997;AT0000A326N4;A;T1;H02.50;N;N;2026-01-31T00:00:00;2026-01-30T00:00:00;2025-01-31T00:00:00;2026-01-31T00:00:00;ANNUA;FIX;3.125;31.25;4.97E7;4.97E7;4.85059575E7;6.0;8283333.3333;8084326.25;2500000.0;2439937.5;6.0;0.0;4.97E7;0.0;8283333.3333;0.0;2500000.0;0.0;;;;;;;;;;;;;;;;;;;;;;;;;;;;;;;;;;;
AT0000A2XLD9;2023-10-09;2023-10-09T00:00:00;0.9099353796;0.9386106624;0.9531502423;0.9559773829;AT0000A2XLD9;A;T1;H01.50;N;N;2026-04-28T00:00:00;2026-04-27T00:00:00;2025-04-28T00:00:00;2026-04-28T00:00:00;ANNUA;FIX;1.375;13.75;1.071E8;1.071E8;9.9179955E7;6.0;1.785E7;1.65299925E7;2700000.0;2500335.0;6.0;0.0;1.073333333333E8;-0.0022;1.70333333333E7;0.0479;2466666.6667;0.0946;;;;;;;;;;;;;;;;;;;;;;;;;;;;;;;;;;;
AT0000A32562;2023-10-09;2023-10-09T00:00:00;0.9317447496;0.968901454;0.9959612278;0.9737479806;AT0000A32562;A;T1;H14.00;N;N;2026-01-16T00:00:00;2026-01-15T00:00:00;2025-01-16T00:00:00;2026-01-16T00:00:00;ANNUA;FIX;4.0;40.0;2.295E8;2.295E8;2.22692571E8;57.0;4026315.7895;3906887.2105;1200000.0;1164405.6;55.0;0.0;2.320933333333E8;-0.0112;4168042.3322;-0.034;1531666.6667;-0.2165;1000000.0;7600000.0;1000000.0;5.0;200000.0;99.72;100000.0;99.7519;99.769;3.0;0.0;1103333.3333;-0.0937;268981.4815;-0.2565;188333.3333;-0.469;64.18;0.5538;64.1241;0.5556;64.1712;0.5547;;;;;;;;;;;;
AT0000A34QR4;2023-10-09;2023-10-09T00:00:00;0.9826332795;0.9975767367;0.9923263328;0.989095315;AT0000A34QR4;A;T1;H14.00;N;N;2026-05-30T00:00:00;2026-05-29T00:00:00;2025-05-30T00:00:00;2026-05-30T00:00:00;ANNUA;FIX;4.25;42.5;1.802E8;1.802E8;1.77720448E8;46.0;3917391.3043;3863488.0;1100000.0;1084864.0;41.0;0.0;1.737533333333E8;0.0371;4205357.7526;-0.0685;1235000.0;-0.1093;6200000.0;;1200000.0;;;;;;;3.0;0.0;3096666.6667;1.0022;653654.8822;3.7426;553333.3333;4.6024;57.3444;-1.0;57.2166;-1.0;57.3535;-1.0;;;;;;;;;;;;
AT0000A32562;2023-10-06;2023-10-06T00:00:00;0.9757477769;0.9927243331;0.9963621665;0.9866612773;AT0000A32562;A;T1;H14.00;N;N;2026-01-16T00:00:00;2026-01-15T00:00:00;2025-01-16T00:00:00;2026-01-16T00:00:00;ANNUA;FIX;4.0;40.0;2.3E8;2.3E8;2.2233502E8;56.0;4107142.8571;3970268.2143;1250000.0;1208342.5;55.0;0.0;2.321833333333E8;-0.0094;4174559.0786;-0.0161;1548333.3333;-0.1927;5200000.0;1000000.0;7600000.0;3.0;1733333.3333;99.5641;100000.0;99.5641;99.4853;;;1150000.0;3.5217;;;;;;;;;64.1764;0.5502;;;;;;;;;;;;
AT0000A33SH3;2023-10-06;2023-10-06T00:00:00;0.882;0.838;0.806;0.856;AT0000A33SH3;A;T1;H01.50;N;N;2026-05-23T00:00:00;2026-05-22T00:00:00;2025-05-23T00:00:00;2026-05-23T00:00:00;ANNUA;FIX;2.9;29.0;1.324319E9;1.324319E9;1.3003112948997E9;90.0;1.47146555556E7;1.44479032767E7;2000000.0;1963743.32;83.0;0.0;1.3664161E9;-0.0308;1.64041438848E7;-0.103;2031100.0;-0.0153;3.7578E7;8.6491E7;9.3699E7;27.0;1391777.7778;99.3104;31000.0;99.354;98.3557;27.0;0.0;1.143680333333E8;-0.6714;4727112.6977;-0.7056;174633.3333;-0.8225;100.1977;-0.0089;100.2678;-0.0091;99.8928;-0.0154;;;;;;;;;;;;
AT0000A2XLD9;2023-10-06;2023-10-06T00:00:00;0.9090541633;0.9389652385;0.9531123686;0.9551333872;AT0000A2XLD9;A;T1;H01.50;N;N;2026-04-28T00:00:00;2026-04-27T00:00:00;2025-04-28T00:00:00;2026-04-28T00:00:00;ANNUA;FIX;1.375;13.75;1.071E8;1.071E8;9.8847945E7;6.0;1.785E7;1.64746575E7;2700000.0;2491965.0;6.0;0.0;1.073566666667E8;-0.0024;1.69516666667E7;0.053;2443333.3333;0.105;;;;;;;;;;;;;;;;;;;;;;;;;;;;;;;;;;;
AT0000A326N4;2023-10-06;2023-10-06T00:00:00;0.8330638642;0.8710590137;0.9385610348;0.8953112369;AT0000A326N4;A;T1;H02.50;N;N;2026-01-31T00:00:00;2026-01-30T00:00:00;2025-01-31T00:00:00;2026-01-31T00:00:00;ANNUA;FIX;3.125;31.25;4.97E7;4.97E7;4.8350645E7;6.0;8283333.3333;8058440.8333;2500000.0;2432125.0;6.0;0.0;4.97E7;0.0;8283333.3333;0.0;2500000.0;0.0;;;;;;;;;;;;;;;;;;;;;;;;;;;;;;;;;;;
AT0000A34QR4;2023-10-06;2023-10-06T00:00:00;0.9749393694;0.9943411479;0.9923201293;0.9850444624;AT0000A34QR4;A;T1;H14.00;N;N;2026-05-30T00:00:00;2026-05-29T00:00:00;2025-05-30T00:00:00;2026-05-30T00:00:00;ANNUA;FIX;4.25;42.5;1.842E8;1.842E8;1.80823614E8;43.0;4283720.9302;4205200.3256;1300000.0;1276171.0;41.0;0.0;1.733766666667E8;0.0624;4215528.0425;0.0162;1235000.0;0.0526;4000000.0;6200000.0;;;;;;;;3.0;0.0;3236666.6667;0.2358;619654.8822;2.2276;460000.0;3.3478;60.7067;-1.0;60.576;-1.0;60.7178;-1.0;;;;;;;;;;;;
